{
    "debug" : false,
    "simulation" : {
        "time" : {
            "factor" :5,
            "max dt" : 0.05,
	     "fixed step" : 0.01
        },
        "bees" : {
            "scout" : {
                "visibility range" : 1,
                "moving behaviour" : {
                    "random" : {
                        "rotation probability" : 0.02,
                        "rotation angle max" : 0.785398163
                    },
                    "target" : {
                        "avoidance delay" : 0.2
                    }
                },
                "size" : 10,
                "energy" : {
                    "initial" : 10,
                    "to leave hive" : 1,
                    "to seek flowers" : 2,
                    "consumption rates" : {
                       "idle" :  0.01,
                       "moving": 0.05,
                       "eating": 0.1
                    }
                },
                "sharing" : {
                    "max" : 2
                },
                "speed" : 20,
                "texture" : "scout3.png"
            },
            "worker" : {
                "visibility range" : 1,
                "moving behaviour" : {
                    "random" : {
                        "comment" : "not relevant"
                    },
                    "target" : {
                        "avoidance delay" : 0.2
                    }
                },
                "size" : 15,
                "energy" : {
                    "initial" : 20,
                    "to leave hive" : 1,
                    "consumption rates" : {
                       "idle" :  0.015,
                       "moving": 0.06,
                       "eating": 0.1
                    }
                },
                "transfer rate" : 12,
                "harvest rate" : 8,
                "max pollen capacity" : 100,
                "speed" : 10,
                "texture" : "worker1.png"
            }
        },
        "flower" : {
            "textures" : [ "flowerA.png", "flowerB.png", "flowerC.png" ],
            "growth" : {
                "threshold" : 200,
                "split" : 200
            }
        },
        "flower generator" : {
            "active" : true,
            "delay" : 5.0
        },
        "hive" : {
            "initial" : {
                "nectar" : 1000
            },
            "reproduction" : {
                "nectar threshold" : 800,
                "scout probability" : 0.7,
                "max bees" : 25
            },
            "texture" : "hive.png"
        },
        "world" : {
            "default size" : 800,
            "default cells" : 40,
            "seeds" : {
                "grass" :15,
                "water" : 1,
                "water teleport probability" : 0.0001
            },
            "generation" : {
                "steps" : 20000,
                "smoothness" : {
                    "level" : 10,
                    "grass neighbourhood ratio" : 0.5,
                    "water neighbourhood ratio" : 0.95
                },
                "humidity" : {
                    "decay rate" : 20,
                    "initial level" : 25,
                    "threshold" : 0.5
                }
            },
            "textures" : {
                "grass" : "grass2.jpg",
                "rock" : "sand.jpg",
                "water" : "water.jpg"
            },
            "show humidity" : false,
            "file" : "world6.map"
        },
        "env" : {
            "initial" : {
                "flower" : {
                    "count" : 0,
                    "max failures" : 1000,
                    "size" : {
                        "min" : 5,
                        "max" : 15,
                        "manual" : 10
                    },
                    "nectar" : {
                        "min" : 50,
                        "max" : 200
                    }
                },
                "hive" : {
                    "count" : 0,
                    "max failures" : 1000,
                    "size" : {
                        "min" : 20,
                        "max" : 40,
                        "manual" : 16
                    },
                    "hiveable factor" : 3
                }
            },
	        "max flowers" : 300
        }
    },
    "stats" : {
        "refresh rate" : 1
    },
    "window" : {
        "antialiasing level" : 4,
        "title" : "INFOSV Simulation",
        "simulation" : { "size" : 500 },
        "stats" : { "height" : 100},
	"control" : { "width" : 200 }
    }
}
